dest_voo,qtde_ocorr,perc_ocorr
FORA DE AERODROMO,4268,43.47
NÃO IDENTIFICADO,251,2.56
GOVERNADOR ANDRÉ FRANCO MONTORO,220,2.24
CONGONHAS,188,1.91
VIRACOPOS,166,1.69
CAMPO DE MARTE - SP,152,1.55
PRESIDENTE JUSCELINO KUBITSCHEK,132,1.34
SANTOS DUMONT,109,1.11
SALGADO FILHO,102,1.04
GUARARAPES - GILBERTO FREYRE,99,1.01
TANCREDO NEVES,88,0.9
DEPUTADO LUÍS EDUARDO MAGALHÃES,85,0.87
SANTA GENOVEVA/GOIÂNIA,81,0.83
Comandante Rolim Adolfo Amaro,74,0.75
ANTONIO CARLOS JOBIM / GALEÃO,71,0.72
BACACHERI,69,0.7
MARECHAL RONDON,67,0.68
EDUARDO GOMES,66,0.67
AFONSO PENA,63,0.64
CARLOS DRUMMOND DE ANDRADE / PAMPULHA,63,0.64
GOVERNADOR JOSÉ RICHA,63,0.64
VAL DE CANS / JÚLIO CEZAR RIBEIRO,62,0.63
JACAREPAGUÁ,59,0.6
CAMPO GRANDE,54,0.55
PINTO MARTINS,54,0.55
ESTADUAL ARTHUR SIQUEIRA,53,0.54
HERCÍLIO LUZ,52,0.53
AERÓDROMO NACIONAL DE AVIAÇÃO,51,0.52
TENENTE-CORONEL AVIADOR CÉSAR BOMBONATO,48,0.49
AERÓDROMO NÃO CADASTRADO,48,0.49
CARLOS PRATES,44,0.45
SÍLVIO NAME JÚNIOR,44,0.45
ÁREA DE POUSO PARA USO AEROAGRÍCOLA,44,0.45
LEITE LOPES,42,0.43
EURICO DE AGUIAR SALLES,38,0.39
MINISTRO VICTOR KONDER,38,0.39
PROFESSOR URBANO ERNESTO STUMPF,32,0.33
FLORES,32,0.33
AERODRÓMO ESTADUAL DE CAMPINAS / AMARAIS,30,0.31
SOROCABA,30,0.31
BRIGADEIRO LYSIAS RODRIGUES,29,0.3
SENADOR PETRÔNIO PORTELLA,28,0.29
PROFESSOR ERIBERTO MANOEL REINO,25,0.25
GOVERNADOR JORGE TEIXEIRA DE OLIVEIRA,24,0.24
MARECHAL CUNHA MACHADO,24,0.24
PRESIDENTE CASTRO PINTO,23,0.23
ADALBERTO MENDES DA SILVA,21,0.21
MAESTRO WILSON FONSECA,21,0.21
ZUMBI DOS PALMARES,20,0.2
BAURU,19,0.19
BELÉM/BRIGADEIRO PROTÁSIO DE OLIVEIRA,19,0.19
PARÁ DE MINAS,19,0.19
JOÃO MONTEIRO,18,0.18
SANTA MARIA,18,0.18
ESTADUAL DARIO GUARITA,17,0.17
14 BIS,17,0.17
PORTO SEGURO,17,0.17
FAZENDA VALE ELDORADO - DR JOSÉ DE AGUIAR LEME,17,0.17
FRANCISCO DE ASSIS,17,0.17
CATARATAS,16,0.16
JOÃO CORREA DA ROCHA,16,0.16
ATLAS BRASIL CANTANHEDE,16,0.16
PLÁCIDO DE CASTRO,16,0.16
PEDRO MORGANTI,15,0.15
CABO FRIO,15,0.15
COMANDANTE ANTONIO AMILTON BERALDO,15,0.15
MÁRIO RIBEIRO,14,0.14
COSTA ESMERALDA,14,0.14
PREFEITO ORLANDO MARINHO,14,0.14
RONDONÓPOLIS,14,0.14
ORLANDO BEZERRA DE MENEZES,14,0.14
BLUMENAU,13,0.13
GENERAL LEITE DE CASTRO,13,0.13
LAURO KURTZ,13,0.13
ANÁPOLIS,13,0.13
ESTÂNCIA SANTA MARIA,13,0.13
ALBERTO ALCOLUMBRE,13,0.13
AMERICANA,13,0.13
CARAUARI,12,0.12
FORMOSA,12,0.12
BRIGADEIRO ARARIPE MACEDO,12,0.12
PRIMAVERA DO LESTE,12,0.12
LAURO CARNEIRO DE LOYOLA,12,0.12
CRUZEIRO DO SUL,12,0.12
AEROCLUBE DE ITÁPOLIS,11,0.11
SERAFIN ENOSS BERTASO,11,0.11
BOTELHO,11,0.11
CATULEVE,11,0.11
BAHIA - JORGE AMADO,11,0.11
ATIBAIA,10,0.1
PARATI,10,0.1
TERUEL IPANEMA ESTÂNCIA,10,0.1
ITAITUBA,10,0.1
CANELA,10,0.1
TERRAVISTA,10,0.1
AEROCLUBE DE ELDORADO DO SUL,10,0.1
ALTAMIRA,10,0.1
PRESIDENTE JOÃO SUASSUNA,10,0.1
AEROCLUBE DE SANTA CATARINA,10,0.1
SÃO TOMÉ,10,0.1
GOVERNADOR ALUÍZIO ALVES,10,0.1
PRESIDENTE JOÃO BATISTA FIGUEIREDO,10,0.1
GURUPI,9,0.09
BARTOLOMEU LISANDRO,9,0.09
FERNANDO DE NORONHA,9,0.09
BREVES,9,0.09
ANGRA DOS REIS,9,0.09
MÁRIO DE ALMEIDA FRANCO,9,0.09
AEROPORTO INTERNACIONAL DE SANTIAGO,9,0.09
MACAÉ,9,0.09
BELÉM NOVO,8,0.08
HELICENTRO BH,8,0.08
PRESIDENTE PRUDENTE,8,0.08
GASTÃO MADEIRA,8,0.08
MONTENEGRO,8,0.08
RIO CLARO,8,0.08
REGIONAL HUGO CANTERGIANI,8,0.08
BARREIRAS,8,0.08
ERECHIM,8,0.08
NOVO HAMBURGO,7,0.07
FRANK MILOYE MILENKOVICH,7,0.07
CORREIA PINTO,7,0.07
COROA DO AVIÃO,7,0.07
OSCAR LARANJEIRAS,7,0.07
JI-PARANÁ,7,0.07
FAZENDA IROHY,7,0.07
CARLOS RUHL,7,0.07
SANTO ANTÔNIO DE LEVERGER,7,0.07
ITANHAÉM,7,0.07
CARAJÁS,7,0.07
ARAPONGAS,7,0.07
VITÓRIA DA CONQUISTA,7,0.07
OLHOS D'ÁGUA,6,0.06
GUARATINGUETÁ,6,0.06
JACAREACANGA,6,0.06
SANTO ÂNGELO,6,0.06
PIRAQUARA,6,0.06
TATUÍ,6,0.06
MUNDICO COELHO,6,0.06
BRIGADEIRO CABRAL,6,0.06
REGIONAL DA ZONA DA MATA,6,0.06
PELOTAS,6,0.06
OURILÂNDIA DO NORTE,6,0.06
CORONEL ALTINO MACHADO,6,0.06
NOVO PROGRESSO,6,0.06
REDENÇÃO,5,0.05
JUARA SUL,5,0.05
BEBEDOURO,5,0.05
BARTOLOMEU DE GUSMÃO,5,0.05
DOMINGOS PIGNATARI,5,0.05
MUNICIPAL DE GUARATUBA,5,0.05
ASSOCIAÇÃO RECREATIVA FAZENDA BONANZA,5,0.05
BARRA GRANDE,5,0.05
RECREIO,5,0.05
RANCHO SUMIDOR,5,0.05
RUBEM BERTA,5,0.05
ARAGUAÍNA,5,0.05
CATANDUVA,5,0.05
CLUBE VOART,5,0.05
ARAGARÇAS,5,0.05
AEROCLUBE DE PASSO FUNDO,5,0.05
GERALDO GUIAS DE AQUINO,5,0.05
PONTA PORÃ,5,0.05
BORBA,5,0.05
CENTRO NACIONAL DE PÁRA-QUEDISMO,5,0.05
POUSO DA ÁGUIA,5,0.05
GEORGE BUSH INTERCONTINENTAL AIRPORT,5,0.05
TRES LAGOAS,5,0.05
PREFEITO RENATO MOREIRA,5,0.05
PREFEITO DOUTOR JOÃO SILVA FILHO,5,0.05
RESENDE,5,0.05
EMBAIXADOR WALTHER MOREIRA SALLES,5,0.05
LÁBREA,5,0.05
JOSÉ CLETO,5,0.05
JORGE CHÁVEZ INTERNATIONAL AIRPORT,5,0.05
PORTO URUCU,5,0.05
POUSO ALEGRE,5,0.05
SÃO FÉLIX DO XINGU,5,0.05
ASSOCIAÇÃO TOCANTINENSE DE AVIAÇÃO,4,0.04
BRIGADEIRO CAMARÃO,4,0.04
AEROLEVE AERÓDROMO PRIVADO,4,0.04
AEROPORTO HUMBERTO DELGADO,4,0.04
AEROPUERTO INTERNACIONAL MINISTRO PISTARINI,4,0.04
ROSADA,4,0.04
TABATINGA,4,0.04
SANTA ROSA,4,0.04
AEROPORTO REGIONAL DE SORRISO ADOLINO BEDIN,4,0.04
SENADOR NILO COELHO,4,0.04
SANTA ROSA DO PURUS,4,0.04
AEROPUERTO INTERNACIONAL EL DORADO,4,0.04
SEVERINO LOPES,4,0.04
AEROCLUBE DE BENTO GONÇALVES,4,0.04
CACHOEIRA DO SUL,4,0.04
QUIRINÓPOLIS,4,0.04
CARATINGA,4,0.04
REGIONAL SUL,4,0.04
ARARAS,4,0.04
CÁCERES,4,0.04
SÃO PAULO CATARINA AEROPORTO EXECUTIVO,4,0.04
LEME,4,0.04
HBR,4,0.04
CORONEL AVIADOR CARLOS ORLEANS GUIMARÃES,4,0.04
COMANDANTE GASTÃO,4,0.04
COARI,4,0.04
NELSON RODRIGUES GUIMARÃES,4,0.04
PIQUET,4,0.04
JATAÍ,4,0.04
CASA BRANCA,4,0.04
DOUTOR RAMALHO FRANCO,4,0.04
HORÁCIO DE MATTOS,4,0.04
J.C. PERALTA,4,0.04
CAVU - CLUBE DE AVIAÇÃO ULTRALEVE,4,0.04
HELICIDADE,4,0.04
EXTERIOR,4,0.04
CHAFEI AMSEI (SBBT*),4,0.04
FILIAL CAMPO FLORIDO,4,0.04
MAUÉS,4,0.04
MAJOR BRIGADEIRO TROMPOWSKY,4,0.04
COMANDANTE MUNIR DJABAK,4,0.04
TRÊS LAGOAS,4,0.04
OSÓRIO,3,0.03
PAUINI,3,0.03
CHARLES DE GAULLE,3,0.03
SÃO JOÃO DEL REI,3,0.03
IJUÍ,3,0.03
CLUBE DE VOO ITAIPU,3,0.03
CEARÁ-MIRIM,3,0.03
SÃO JOAQUIM DA BARRA,3,0.03
CACOAL,3,0.03
POUSADA DAS ÁGUIAS,3,0.03
TANCREDO DE ALMEIDA NEVES,3,0.03
IBITINGA,3,0.03
COMANDANTE CARLOS INÁCIO AGNES,3,0.03
CAMOCIM,3,0.03
PILOTO OSVALDO MARQUES DIAS,3,0.03
PORTO JOFRE,3,0.03
CENTENO,3,0.03
COXIM,3,0.03
VERA CRUZ/AEROCLUBE DA BAHIA,3,0.03
CORONEL ALEXANDRE RAPOSO,3,0.03
TORRES,3,0.03
CATALÃO,3,0.03
BASE DE AVIAÇÃO DE TAUBATÉ,3,0.03
CANARANA,3,0.03
SÃO BORJA,3,0.03
PORANGATU,3,0.03
DOUTOR LÚCIO LIMA,3,0.03
VIDE BULA,3,0.03
SURUCUCU,3,0.03
CURVELO,3,0.03
HELIBRÁS,3,0.03
CAP. PM CIDIMAR ANTUNES DE ALMEIDA,3,0.03
BARRA DO GARÇAS,3,0.03
BASE AÉREA DE SANTOS,3,0.03
DAS BANDEIRINHAS,3,0.03
PIQUIATUBA,3,0.03
FAZENDA DA PAZ,3,0.03
FONTE BOA,3,0.03
LUIZ GONZAGA LUTTI,3,0.03
FAZENDA AERO-AMIL,3,0.03
GUANAMBI,3,0.03
ESTÂNCIA RECANTO,3,0.03
JUVENAL LOUREIRO CARDOSO,3,0.03
ARIOSTO DA RIVA,3,0.03
AEROCLUBE DE RONDÔNIA,3,0.03
EFAI,3,0.03
MUNICIPAL DE GUAÍRA,3,0.03
JUSCELINO KUBITSCHECK,3,0.03
SIQUEIRA CAMPOS,3,0.03
EL DORADO,3,0.03
ESTÂNCIA MACHADO,3,0.03
JOÃO DURVAL CARNEIRO,3,0.03
JOSÉ MARTINS DA SILVA,3,0.03
MANUEL URBANO,3,0.03
EDU CHAVES,3,0.03
SÍTIO FLYER,3,0.03
LAVRAS,3,0.03
MONTE DOURADO,3,0.03
JÚLIO BÉLEM,3,0.03
DIX-SEPT ROSADO,3,0.03
MOJI MIRIM,3,0.03
ARAGUARI,3,0.03
FAZENDA MOSQUITO,3,0.03
MIRASSOL,3,0.03
JUÍNA,3,0.03
SÃO SEBASTIÃO DO PARAÍSO,3,0.03
FAZENDA SANTO AMBRÓSIO,3,0.03
AGROPASTORIL BOM PASTOR,3,0.03
FAZENDA SÃO JOÃO,3,0.03
MARECHAL THAUMATURGO,3,0.03
SANTA CRUZ DO SUL,3,0.03
NOVO CAMPO,2,0.02
TEIXEIRA DE FREITAS,2,0.02
PALMEIRAS DE GOIÁS,2,0.02
OURO FINO,2,0.02
TELÊMACO BORBA (SBTL*),2,0.02
TENENTE LUND PRESSOTO,2,0.02
MARICÁ,2,0.02
J LEM,2,0.02
MÁRIO PEREIRA LOPES,2,0.02
MUNICIPAL DE SÃO JOÃO DA BOA VISTA,2,0.02
MORRO DA URCA,2,0.02
MIAMI INTERNATIONAL AIRPORT,2,0.02
MAX FONTOURA,2,0.02
MAROUM,2,0.02
PATOS DE MINAS,2,0.02
FAZENDA BARRANCO ALTO,2,0.02
PICOS,2,0.02
FAZENDA CERRADÃO,2,0.02
MANTECORP,2,0.02
FAZENDA MURARÁ,2,0.02
FAZENDA IRMÃOS MUNARETTO,2,0.02
FAZENDA FORTALEZA DO GUAPORÉ,2,0.02
FAZENDA EUROPA,2,0.02
CARLOS ALBERTO DA COSTA NEVES,2,0.02
FAZENDA CAMPO VITÓRIA,2,0.02
NOSSA SENHORA DE FÁTIMA,2,0.02
FAZENDA CAMPINAS,2,0.02
UAICAS,2,0.02
ESTÂNCIA SANTA RITA,2,0.02
ESTÂNCIA HÉRCULES,2,0.02
ITAQUI,2,0.02
FAZENDA TRÊS IRMÃOS,2,0.02
MARCELO PIRES HALZHAUSEN,2,0.02
SANTA MAGALHÃES,2,0.02
LUIZ EDUARDO MAGALHÃES,2,0.02
ROMEU ZEMA,2,0.02
FAZENDA NOVA FLORESTA,2,0.02
JORDÃO,2,0.02
TIETÊ,2,0.02
JARDIM,2,0.02
JORGE NEWBERY AIRFIELD,2,0.02
LAGOA,2,0.02
ÓBIDOS,2,0.02
LORENZO,2,0.02
PISTA DE POUSO EVENTUAL,2,0.02
TANGARÁ DA SERRA,2,0.02
POCONÉ,2,0.02
PRAINHA,2,0.02
SÍTIO SANTA HELENA,2,0.02
REGIONAL ORLANDO VILLAS BOAS,2,0.02
ROSÁRIO DO SUL,2,0.02
LUIS EDUARDO MAGALHÃES,2,0.02
SANTA TEREZINHA,2,0.02
SEBASTIÃO GOMES DE SOUZA,2,0.02
SÃO SEBASTIÃO,2,0.02
SERRA DO CIPÓ,2,0.02
SERTANÓPOLIS,2,0.02
SÃO PEDRO,2,0.02
SÃO FÉLIX DO ARAGUAIA,2,0.02
SÃO GABRIEL,2,0.02
SÃO GABRIEL DA CACHOEIRA,2,0.02
SÃO JOSÉ,2,0.02
PIRENÓPOLIS,2,0.02
LAGOA DA PRATA,2,0.02
TARAUACÁ,2,0.02
PAULINO RIBEIRO DE ANDRADE,2,0.02
FAZENDA NOVA CONCEIÇÃO,2,0.02
BALSAS,2,0.02
FAZENDA PIRAGUASSU,2,0.02
ITACOATIARA,2,0.02
AEROCLUBE DE BAGÉ,2,0.02
AEROCLUBE DE ARACAJU,2,0.02
IBOTIRAMA,2,0.02
GRUPAMENTO AÉREO DA POLÍCIA MILITAR/ PRAIA GRANDE,2,0.02
GOVERNADOR LUCAS NOGUEIRA GARCEZ (SBLN*),2,0.02
AEROPORTO INTERNACIONAL AMÍLCAR CABRAL,2,0.02
GRUPO TÁTICO AÉREO,2,0.02
BANAER DE JACUPIRANGA,2,0.02
CARAZINHO,2,0.02
VIÇOSA,2,0.02
EMBRAER - UNIDADE GAVIÃO PEIXOTO,2,0.02
EIRUNEPÉ,2,0.02
BAIÃO,2,0.02
DR. JOSÉ DE ARRUDA BOTELHO,2,0.02
HIDRELÉTRICA DE ITUMBIARA,2,0.02
HELIPARK,2,0.02
GUARAPARI,2,0.02
AERODROMO DE PARAGOMINAS,2,0.02
GUAXUPÉ,2,0.02
GURGUÉIA,2,0.02
GURUPÁ,2,0.02
AGRÍCOLA RIO GALHÃO,2,0.02
AEROPORTO INTERNACIONAL DE ORLANDO,2,0.02
AEROCLUBE DE JOÃO PESSOA,2,0.02
GARIBALDI,2,0.02
WILMA REBELO,2,0.02
GAUDÊNCIO MACHADO RAMOS,2,0.02
ADOLFO SUÁREZ MADRIDBARAJAS AIRPORT,2,0.02
Francisco Beltrão,2,0.02
ÂNGELO PONZONI,2,0.02
FAZENDA PONTAL,2,0.02
DOLORES,2,0.02
AEROCLUBE DE ALAGOAS,2,0.02
BARCELOS,2,0.02
CEL PM CÍCERO DANTAS DOS SANTOS,2,0.02
FAZENDA PONTE SERRADA - MT,2,0.02
FAZENDA PRIMAVERA,2,0.02
APLIC AVIAÇÃO AGRÍCOLA LTDA,2,0.02
FAZENDA SANTA MÔNICA,2,0.02
FAZENDA SANTO ANTÔNIO,2,0.02
FAZENDA SURI,2,0.02
FAZENDA SÃO MARCO,2,0.02
FLY CLUB,2,0.02
AUGUSTO SEVERO,2,0.02
TUPI PAULISTA,2,0.02
Aeroporto Regional de Pato Branco,2,0.02
Aeroporto Regional do Vale do Aço,2,0.02
CANGAPARA,2,0.02
CASSILÂNDIA,2,0.02
FAZENDA SERRA GRANDE,2,0.02
VERA CRUZ,2,0.02
BOM DESPACHO,2,0.02
Clube Céu,2,0.02
CHÁCARA PARAÍSO,2,0.02
CORUMBÁ,2,0.02
CORRENTINA,2,0.02
VILA RICA,2,0.02
BAURU/AREALVA (SJTC*),2,0.02
CRISTIANO FERREIRA VARELLA,2,0.02
IVAÍ AEROAGRÍCOLA,2,0.02
BOQUIRA,2,0.02
COLIDER,2,0.02
COLATINA,2,0.02
COMANDANTE GUSTAVO KRAEMER,2,0.02
CLUBE DE VOO AEROQUADRA,2,0.02
FRANCISCO LACERDA JÚNIOR,1,0.01
GUARARAPES,1,0.01
ÉRICO,1,0.01
JPO,1,0.01
LAGO VERDE,1,0.01
LENÇÓIS PAULISTA,1,0.01
GERALDO MOACIR BORDON,1,0.01
FAZENDA SÃO SEBASTIÃO,1,0.01
TIBAGI,1,0.01
TROMBETAS,1,0.01
TRIMONTE,1,0.01
LUÍS DAL CANALLE FILHO,1,0.01
Fazenda Valiosa,1,0.01
GASTÃO DE MESQUITA FILHO,1,0.01
MAJOR BRIGADEIRO DO AR DOORGAL GOMES,1,0.01
Fazenda Vale,1,0.01
Fazenda Uberaba,1,0.01
Fazenda Matrinchã,1,0.01
Fazenda Jacuí,1,0.01
Fazenda Dois Irmãos,1,0.01
Fazenda Campo Grande,1,0.01
FREDERICO WESTPHALEN,1,0.01
MANALAI,1,0.01
TRÊS MARIAS,1,0.01
LARANJAL,1,0.01
FAZENDA ÁGUA AZUL,1,0.01
FPSO FLUMINENSE,1,0.01
FAZENDA VISTA BONITA,1,0.01
MINAÇU,1,0.01
JOÃO SILVA,1,0.01
MARACÁS,1,0.01
FLYGHT COMPANY,1,0.01
MARBORGES,1,0.01
Takeo Noguchi,1,0.01
TERRA SANTA,1,0.01
FEIJÓ,1,0.01
FAZENDA ÁGUA SANTA,1,0.01
FAZENDA ÁGUA LIMPA,1,0.01
MANDUCA LEÃO,1,0.01
FAZENDA VISTA ALEGRE,1,0.01
FPSO CIDADE DE SANTOS MV20,1,0.01
FAZENDA VISA ESTÂNCIA,1,0.01
FAZENDA VASSOURAL,1,0.01
Ten. Brig. Ar Waldir de Vasconcelos,1,0.01
FAZENDA UNIÃO SUZANÓPOLIS,1,0.01
FAZENDA TRÊS MINAS,1,0.01
SÃO MIGUEL DO ARAGUAIA,1,0.01
FAZENDA TRADIÇÃO,1,0.01
FAZENDA THÁLIA,1,0.01
FAZENDA TAUÁ,1,0.01
FAZENDA SÃO SEBASTIÃO DO JATOBAZINHO,1,0.01
FPSO - FRADE,1,0.01
LUÍS EDUARDO MAGALHÃES,1,0.01
FAZENDA SÃO JOAQUIM,1,0.01
FAZENDA SÃO PEDRO,1,0.01
TERMAS POUSADA DO RIO QUENTE,1,0.01
FAZENDA SÃO LOURENÇO,1,0.01
MARECHIARO,1,0.01
FAZENDA SÃO JOSÉ DAS REUNIDAS,1,0.01
MINEIROS,1,0.01
FAZENDA SÃO GABRIEL,1,0.01
FAZENDA SÃO FRANCISCO,1,0.01
JOÃO GALDINO,1,0.01
FAZENDA SPERAFICO,1,0.01
FAZENDA SONORA ESTÂNCIA,1,0.01
FAZENDA SONHO DOURADO,1,0.01
FAZENDA SIMARELLI,1,0.01
MARINA DO CARAIPÉ,1,0.01
FAZENDA SÃO LUIZ,1,0.01
MARISOL,1,0.01
FAZENDA SANTO ANJO,1,0.01
JOÃO FONSECA - AM,1,0.01
FAZENDA SANTANA,1,0.01
FAZENDA SANTA VERGÍNIA,1,0.01
FAZENDA SANTA TEREZINHA DA BARRA,1,0.01
FAZENDA SANTA ROSA,1,0.01
FAZENDA SANTA RITA,1,0.01
MATURACÁ,1,0.01
FAZENDA SANTA LAURA,1,0.01
FAZENDA SANTA ILÍDIA,1,0.01
FAZENDA SANTA GERTRUDES,1,0.01
FAZENDA SANTA ALICE,1,0.01
FAZENDA SANTA ADÉLIA,1,0.01
FAZENDA ROYAL,1,0.01
FAZENDA RIO NEGRO,1,0.01
FAZENDA RIBEIRÃO,1,0.01
FAZENDA RIBEIRO DO CÉU,1,0.01
FAZENDA REDENÇÃO,1,0.01
FAZENDA QUERÊNCIA,1,0.01
FAZENDA PUPILA,1,0.01
FAZENDA PROGRESSO,1,0.01
TITO TEIXEIRA,1,0.01
FAZENDA POUSO REDONDO,1,0.01
FAZENDA POUSO ALEGRE,1,0.01
FAZENDA PORTOBELLO,1,0.01
MELLO VIANA,1,0.01
MERLUZA 1,1,0.01
FAZENDA PLANALTO,1,0.01
FAZENDA PIRAY,1,0.01
METROPOLITAN OFFICE,1,0.01
FAZENDA PAULISTA,1,0.01
FAZENDA NOVO HORIZONTE,1,0.01
FAZENDA NOVA HOLANDA,1,0.01
JOSÉ VICENTE FARIA LIMA,1,0.01
FAZENDA NOVA ERA,1,0.01
MINA CARAÍBA,1,0.01
FAZENDA NOSSA SENHORA DE FÁTIMA,1,0.01
FAZENDA NOSSA SENHORA DAS GRAÇAS,1,0.01
URUAÇU,1,0.01
OCEAN COURAGE,1,0.01
MINERAÇÃO SERRA GRANDE,1,0.01
FAZENDA DOIS DE MAIO,1,0.01
FAZENDA MONTESION,1,0.01
FAZENDA MINAS GERAIS,1,0.01
FAZENDA MIMOSO S/A,1,0.01
FAZENDA MARIA JOSÉ,1,0.01
FAZENDA LOCKS,1,0.01
FAZENDA LAGOA DA CAPA,1,0.01
FAZENDA JAQUELINE,1,0.01
FAZENDA JAGUARETÊ,1,0.01
FAZENDA ITATUBA,1,0.01
FAZENDA ITAMARATI NORTE,1,0.01
FAZENDA BEBIDA VELHA,1,0.01
MINISTRO NELSON HUNGRIA,1,0.01
FAZENDA IRMÃS PRATA,1,0.01
FAZENDA INHUMAS DO CHAPADÃO,1,0.01
FAZENDA GESSO INTEGRAL,1,0.01
FAZENDA FUTURA,1,0.01
TENOAR,1,0.01
FAZENDA FORTALEZA DE SANTA TEREZINHA,1,0.01
FAZENDA FLORESTA DO LOBO,1,0.01
FAZENDA FELICIDADE,1,0.01
MISSÃO CATRIMANI,1,0.01
FAZENDA ESTRELA DO SUL,1,0.01
FAZENDA ESPÍRITO SANTO,1,0.01
FAZENDA DENUSA DESTILARIA NOVA UNIÃO,1,0.01
FAZENDA DAMARO,1,0.01
MOCELIN II,1,0.01
FAZENDA BELA VISTA DO CARONAL,1,0.01
GRAER,1,0.01
FAZENDA CÓRREGO AZUL,1,0.01
FAZENDA CONFORTO,1,0.01
FAZENDA CONCÓRDIA,1,0.01
FAZENDA CONCEIÇÃO,1,0.01
FAZENDA CERRO PORÃ,1,0.01
MOLITERNO DE DRACENA,1,0.01
FAZENDA CENTÚRIA VITÓRIA,1,0.01
FAZENDA CENTRO OESTE,1,0.01
FAZENDA CENTRO DE VÔO A VELA IPUÃ,1,0.01
FAZENDA CAUAXI,1,0.01
FAZENDA CATACO,1,0.01
FAZENDA CAPÃO VERDE,1,0.01
FAZENDA CANGAIA,1,0.01
FAZENDA CANAÃ,1,0.01
MONTE ALEGRE,1,0.01
FAZENDA CAMPO ALEGRE,1,0.01
MONTE ALTO,1,0.01
FAZENDA BUSATO 1,1,0.01
FAZENDA BRUSQUE,1,0.01
FAZENDA BOM RETIRO,1,0.01
FAZENDA BOA VISTA,1,0.01
FAZENDA BOA SORTE,1,0.01
FAZENDA ELDORADO,1,0.01
FAZENDA MORRO VERMELHO,1,0.01
Maicom Manica,1,0.01
FAZENDA ARROSSENSAL,1,0.01
FAZENDA ARARAS,1,0.01
FAZENDA ANAHÍ,1,0.01
FAZENDA ALVORADA,1,0.01
HANGAR COMANDANTE SALOMÃO ALCOLUMBRE,1,0.01
FAZ. BRINQUINHO,1,0.01
MOZARLÂNDIA,1,0.01
EVERALDO MORAES BARRETO,1,0.01
MUCURI,1,0.01
HAXIU,1,0.01
UBARANA-02,1,0.01
MUNICIPAL JOSÉ FIGUEIREDO,1,0.01
MURARO - SP,1,0.01
MONTE HOREBE,1,0.01
ESTÂNCIA ESMERALDA,1,0.01
UBÁ,1,0.01
ULTRALEVE CLUBE DE CURITIBA,1,0.01
ESPUMOSO,1,0.01
Maricá,1,0.01
ENTRE RIOS,1,0.01
ENCANTA MOÇA,1,0.01
JOSÉ MÚCIO MONTEIRO,1,0.01
TENENTE XAVIER,1,0.01
ELY REGO,1,0.01
ELISA CAMARGO DE ARRUDA BOTELHO,1,0.01
NAMOCOLI,1,0.01
NANUQUE,1,0.01
NASCIMENTO I,1,0.01
UNICID - UNIVERSIDADE CIDADE DE SÃO PAULO,1,0.01
FAZENDA ARCO-ÍRIS,1,0.01
NELSON GARÓFALO,1,0.01
Doutor Mauro de Souza Castro,1,0.01
HEATHROW AIRPORT,1,0.01
NOSSA SENHORA DO LORETO,1,0.01
NOVO AERÓDROMO DE FEIJÓ,1,0.01
DOURADOS,1,0.01
DOMINGOS REGO,1,0.01
NOVO ARIPUANÃ,1,0.01
JORNALISTA BENEDITO PIMENTEL,1,0.01
DO GAÚCHO,1,0.01
NOVO HORIZONTE,1,0.01
DIOMÍCIO FREITAS,1,0.01
DIAUARUM,1,0.01
DIAMANTINA,1,0.01
DESTILARIA WD,1,0.01
DERSO PORTILHO VIEIRA,1,0.01
UNIFLY,1,0.01
DELTA,1,0.01
Navio Sonda Brava Star NS-45,1,0.01
Clube de Voo Floresta,1,0.01
Clube Estância Ouro Verde,1,0.01
OCEAN ALLIANCE,1,0.01
FAZENDA SANTRI,1,0.01
JOAO DURVAL CARNEIRO,1,0.01
OCEAN RIG CORCOVADO,1,0.01
ORLANDO DE CARVALHO,1,0.01
PARACATU,1,0.01
COSTA RICA,1,0.01
URUBA,1,0.01
COSTA DOS COQUEIROS,1,0.01
COSMOS AVIAÇÃO AGRÍCOLA,1,0.01
OLIVEIRA,1,0.01
ONKIOLA,1,0.01
ORIXIMINÁ,1,0.01
CORONEL NEWTON BRAGA,1,0.01
ORIÇANGA DE ABREU,1,0.01
HELICENTRO RIBEIRÃO PRETO,1,0.01
BASE DE PARACURU,1,0.01
USINA COLORADO,1,0.01
CORIBE,1,0.01
CONFRESA,1,0.01
CONDOMÍNIO JACUMÃ OCEAN RESORT,1,0.01
CONDOMÍNIO CONDE MATARAZZO,1,0.01
CONDOMÍNIO AERONÁUTICO MONTE CRISTO,1,0.01
COMANDANTE PASCHOAL PATROCÍNIO FILHO,1,0.01
PAA-PIU,1,0.01
PAGRISA,1,0.01
PALACIO GUANABARA,1,0.01
PALMEIRA DAS MISSÕES,1,0.01
USINA CORURIPE,1,0.01
PARAFURI,1,0.01
PARI-CACHOEIRA,1,0.01
HELISUL IV,1,0.01
PETROBRAS 63,1,0.01
Pista Mata Verde,1,0.01
PASSA TEMPO,1,0.01
CLUBE DE MARTE IBIRÁ DE PÁRA-QUEDISMO,1,0.01
CLUBE DE ESPORTES AÉREOS E NÁUTICOS DO PARÁ,1,0.01
CLUBE DE AVIAÇÃO CÉU AZUL,1,0.01
CLEMENTE VERILLO,1,0.01
CL,1,0.01
CIFI,1,0.01
CIBRASA,1,0.01
CIA. BRASILEIRA DE ALUMÍNIO,1,0.01
HELMUTH BAUNGARTEM,1,0.01
CHÁCARA MARINGÁ,1,0.01
CHICAGO O'HARE INTERNATIONAL AIRPORT,1,0.01
PATROCÍNIO,1,0.01
CHAPADÃO DO SUL,1,0.01
HELPN GOIS,1,0.01
CERES,1,0.01
CEOLIN GRÃOS E FIBRA,1,0.01
PETROBRAS 07,1,0.01
CENTRO EMPRESARIAL NAÇÕES UNIDAS-TORRE NORTE,1,0.01
PETROBRAS 35,1,0.01
CELTIC SEA,1,0.01
PETROBRAS 37,1,0.01
JOHN F. KENNEDY INTERNATIONAL AIRPORT,1,0.01
PETROBRAS P53,1,0.01
OLAVO CECCO RIGON,1,0.01
JEQUIÉ,1,0.01
CAMPINA VERDE,1,0.01
Umberto Modiano,1,0.01
PINHEIRO,1,0.01
USINA SANTA LYDIA,1,0.01
USINA SÃO MARTINHO,1,0.01
PIRASSUNUNGA,1,0.01
CARINHANHA,1,0.01
HOMOXI,1,0.01
PIRES DO RIO,1,0.01
VACARIA NOVO,1,0.01
PISTA ALDEIA KENJDÃ,1,0.01
CARACARAÍ,1,0.01
PETROBRAS 65,1,0.01
CAPÃO DA CANOA,1,0.01
CAPITÃO PM PAULO JOSÉ DE MENEZES FILHO,1,0.01
CAPITÃO JOÃO BUSSE,1,0.01
PISTA NAÇÕES UNIDAS,1,0.01
PISTA PLÁ E SILVA,1,0.01
PIMENTA BUENO,1,0.01
HOSPITAL ALBERT EINSTEIN,1,0.01
HOTEL PORTOBELLO,1,0.01
CAMPOS BELOS,1,0.01
PIRAPORA,1,0.01
JIHAD DEHAINI,1,0.01
CAMPO DE FONTENELLE,1,0.01
POUSO NA SERRA,1,0.01
IATE CLUBE DE SANTOS - ANGRA DOS REIS,1,0.01
BCW,1,0.01
USINA PORTO RICO,1,0.01
POLVO A,1,0.01
CACULÉ,1,0.01
PONTA DO SOL,1,0.01
CACHOEIRO DE ITAPEMIRIM,1,0.01
PONTES E LACERDA,1,0.01
VEJA,1,0.01
TANCREDO THOMAS DE FARIA,1,0.01
BRIGADEIRO LYSIAS AUGUSTO RODRIGUES,1,0.01
BRIGADEIRO FÁBIO PEREIRA DA SILVEIRA,1,0.01
PORTO WALTER,1,0.01
POUSADA DO RIO ROOSEVELT,1,0.01
CATRIMANI I,1,0.01
POUSADA THAIMAÇU,1,0.01
PRA-1,1,0.01
HÉLIO WASUM,1,0.01
PREFEITURA DO RIO DE JANEIRO,1,0.01
BONITO,1,0.01
TABULEIRO,1,0.01
PRESIDENTE VENCESLAU,1,0.01
PRIMAVERA,1,0.01
PRIMO BITTI,1,0.01
SÓCRATES MARIANI BITTENCOURT,1,0.01
Pista Paulo V,1,0.01
OCOREMA,1,0.01
SANTIAGO,1,0.01
ALENQUER,1,0.01
QUADRA HUNGRIA,1,0.01
QUATRO VENTOS,1,0.01
BARROCO LOPES,1,0.01
QUERARI,1,0.01
QUIXADÁ,1,0.01
BARRA DO VENTO,1,0.01
RANCHO VILLELA,1,0.01
BARRA DO BUGRES,1,0.01
BARRA,1,0.01
REGIONAL DE RIO GRANDE,1,0.01
BANESPA REPÚBLICA,1,0.01
BANDEIRANTES,1,0.01
IRECÊ,1,0.01
REMANSO,1,0.01
REOBOT,1,0.01
BAIXO MUCAJAÍ,1,0.01
BAIXO CATRIMANI,1,0.01
RESERVA ACURIZAL,1,0.01
VIRGÍLIO TÁVORA,1,0.01
AÇU,1,0.01
Aeródromo Serra Branca Agrícola,1,0.01
Aeródromo Privado Fazenda Maringá III,1,0.01
RIO BRILHANTE,1,0.01
Aeroporto Regional do Planalto Serrano,1,0.01
RIO PARANAÍBA,1,0.01
Aero Parque Tupã,1,0.01
AVL,1,0.01
RODRIGUES,1,0.01
ROLIM DE MOURA,1,0.01
ROME CIAMPINO AIRPORT,1,0.01
SÍTIO SANTA CHIARA,1,0.01
ASAS DE BALSA NOVA,1,0.01
ARUANÃ,1,0.01
ARIPUANÃ,1,0.01
ROSANA CAMARGO,1,0.01
JANUÁRIA,1,0.01
RUY BARBOSA,1,0.01
ARAPIRACA,1,0.01
SÍTIO POUSO DO AVIADOR,1,0.01
SALGUEIRO,1,0.01
SANTA ANASTÁCIA I,1,0.01
SANTA CECÍLIA,1,0.01
APLIC AVIAÇÃO AGRÍCOLA II,1,0.01
ILHA DA JIPÓIA,1,0.01
WALFRIDO SAMITO DE ALMEIDA,1,0.01
SANTA MARIA DA VITÓRIA,1,0.01
WARPOL,1,0.01
AMBRÓSIO,1,0.01
ALTO PARAÍSO DE GOIÁS,1,0.01
SANTA RITA DE CÁSSIA,1,0.01
ALMEIRIM,1,0.01
JEOVÁ GOMES,1,0.01
Pousada Pirá-Açu,1,0.01
ALDEIA,1,0.01
AEROPORTO DE FRANKFURT ALEMANHA,1,0.01
SANTA RITA DO ARAGUAIA,1,0.01
AGROPECUÁRIA SÃO ROBERTO,1,0.01
AGROPECUÁRIA CÉU ABERTO LTDA,1,0.01
ILHA DO CARACARÁ,1,0.01
AGRISHOW,1,0.01
AGRIFOR,1,0.01
SANTA VITÓRIA DO PALMAR,1,0.01
XAVANTINA,1,0.01
XIDEA,1,0.01
AERÓDROMO MUNICIPAL DE LINHARES,1,0.01
AERÓDROMO FAZENDA ACF,1,0.01
WILIMON,1,0.01
AERÓDROMO DO CANARINHO,1,0.01
IMIGRANTES,1,0.01
SEBASTIÃO JOSÉ PEREIRA,1,0.01
AEROPORTO MUNICIPAL BOM FUTURO,1,0.01
AEROPORTO INTERNACIONAL JOHN F. KENNEDY,1,0.01
SEMENTES BEÉ,1,0.01
INGAZEIRA,1,0.01
AEROPORTO INTERNACIONAL DE MEMPHIS,1,0.01
AEROPORTO INTERNACIONAL DE CARRASCO - GENERAL CESARIO L BERISSO,1,0.01
AEROPORTO INTERNACIONAL CAPITAN CORBETA CA CURBELO,1,0.01
SERRA DA CAPIVARA,1,0.01
AEROPORTO ELIAS BREDER,1,0.01
AEROPORTO AGROER AVIAÇÃO,1,0.01
ALASKAN STAR,1,0.01
SERRA DO SOL,1,0.01
ÁGUAS CLARAS AVIAÇÃO AGRÍCOLA,1,0.01
ITABERABA,1,0.01
AEROCLUBE DE SOCORRO,1,0.01
SILVIO PETTIROSSI INTERNATIONAL AIRPORT,1,0.01
SKANDI NITEROI,1,0.01
ITABORAÍ,1,0.01
SUBESTAÇÃO SÃO ROQUE,1,0.01
SUNSET,1,0.01
AEROCLUBE DE FREDERICO WESTPHALEN,1,0.01
SÃO CHICO,1,0.01
AEROCLUBE DE CAMPINA GRANDE,1,0.01
JANAÚBA,1,0.01
TORONTO PEARSON INTERNATIONAL AIRPORT,1,0.01
ITAJAÍ/CAMPO COMANDANTES,1,0.01
AEROCLUBE DE AQUIDAUANA,1,0.01
JABOTICABAL,1,0.01
AEROCAMPO,1,0.01
AERO DO VALE MIRACATU,1,0.01
SÃO LOURENÇO,1,0.01
SÃO LUIZ,1,0.01
ACERGY CONDOR,1,0.01
ABA,1,0.01
AAGV - Associação Aerodesportiva de Getulio Vargas,1,0.01
ITUVERAVA,1,0.01
