og_voo,qtde_ocorr,perc_ocorr
FORA DE AERODROMO,4141,42.18
GOVERNADOR ANDRÉ FRANCO MONTORO,248,2.53
VIRACOPOS,235,2.39
NÃO IDENTIFICADO,234,2.38
CONGONHAS,188,1.91
CAMPO DE MARTE - SP,151,1.54
PRESIDENTE JUSCELINO KUBITSCHEK,149,1.52
SALGADO FILHO,120,1.22
SANTOS DUMONT,108,1.1
SANTA GENOVEVA/GOIÂNIA,108,1.1
DEPUTADO LUÍS EDUARDO MAGALHÃES,99,1.01
GUARARAPES - GILBERTO FREYRE,96,0.98
CARLOS DRUMMOND DE ANDRADE / PAMPULHA,92,0.94
TANCREDO NEVES,87,0.89
EDUARDO GOMES,77,0.78
Comandante Rolim Adolfo Amaro,76,0.77
ANTONIO CARLOS JOBIM / GALEÃO,75,0.76
MARECHAL RONDON,72,0.73
VAL DE CANS / JÚLIO CEZAR RIBEIRO,69,0.7
GOVERNADOR JOSÉ RICHA,64,0.65
BACACHERI,63,0.64
JACAREPAGUÁ,62,0.63
PINTO MARTINS,62,0.63
HERCÍLIO LUZ,58,0.59
AFONSO PENA,56,0.57
AERÓDROMO NACIONAL DE AVIAÇÃO,54,0.55
AERÓDROMO NÃO CADASTRADO,52,0.53
ESTADUAL ARTHUR SIQUEIRA,50,0.51
SÍLVIO NAME JÚNIOR,43,0.44
ÁREA DE POUSO PARA USO AEROAGRÍCOLA,43,0.44
LEITE LOPES,40,0.41
TENENTE-CORONEL AVIADOR CÉSAR BOMBONATO,38,0.39
PROFESSOR URBANO ERNESTO STUMPF,36,0.37
CARLOS PRATES,35,0.36
EURICO DE AGUIAR SALLES,34,0.35
CAMPO GRANDE,32,0.33
MINISTRO VICTOR KONDER,30,0.31
PROFESSOR ERIBERTO MANOEL REINO,30,0.31
SOROCABA,29,0.3
AERODRÓMO ESTADUAL DE CAMPINAS / AMARAIS,26,0.26
FLORES,25,0.25
PARÁ DE MINAS,25,0.25
ZUMBI DOS PALMARES,24,0.24
BELÉM/BRIGADEIRO PROTÁSIO DE OLIVEIRA,23,0.23
COSTA ESMERALDA,22,0.22
SANTA MARIA,21,0.21
BRIGADEIRO LYSIAS RODRIGUES,20,0.2
MACAÉ,20,0.2
MARECHAL CUNHA MACHADO,20,0.2
BAURU,20,0.2
GOVERNADOR JORGE TEIXEIRA DE OLIVEIRA,19,0.19
BLUMENAU,19,0.19
PRESIDENTE CASTRO PINTO,19,0.19
SENADOR PETRÔNIO PORTELLA,18,0.18
MAESTRO WILSON FONSECA,18,0.18
CATARATAS,18,0.18
ANÁPOLIS,17,0.17
PORTO SEGURO,17,0.17
ATLAS BRASIL CANTANHEDE,17,0.17
14 BIS,17,0.17
COMANDANTE ANTONIO AMILTON BERALDO,16,0.16
FAZENDA VALE ELDORADO - DR JOSÉ DE AGUIAR LEME,16,0.16
LAURO CARNEIRO DE LOYOLA,15,0.15
JOÃO MONTEIRO,15,0.15
FRANCISCO DE ASSIS,15,0.15
ESTÂNCIA SANTA MARIA,15,0.15
POUSO DA ÁGUIA,14,0.14
ALBERTO ALCOLUMBRE,13,0.13
RONDONÓPOLIS,13,0.13
BRIGADEIRO ARARIPE MACEDO,13,0.13
PEDRO MORGANTI,13,0.13
AEROCLUBE DE SANTA CATARINA,13,0.13
AMERICANA,13,0.13
SERAFIN ENOSS BERTASO,12,0.12
GOVERNADOR ALUÍZIO ALVES,12,0.12
ITAITUBA,12,0.12
AEROCLUBE DE ELDORADO DO SUL,12,0.12
VITÓRIA DA CONQUISTA,12,0.12
ERECHIM,12,0.12
PRESIDENTE PRUDENTE,12,0.12
ORLANDO BEZERRA DE MENEZES,11,0.11
ADALBERTO MENDES DA SILVA,11,0.11
PLÁCIDO DE CASTRO,11,0.11
MÁRIO RIBEIRO,11,0.11
BAHIA - JORGE AMADO,11,0.11
ATIBAIA,11,0.11
BRIGADEIRO CABRAL,11,0.11
CABO FRIO,10,0.1
PRESIDENTE JOÃO BATISTA FIGUEIREDO,10,0.1
ALTAMIRA,10,0.1
PREFEITO RENATO MOREIRA,10,0.1
REGIONAL HUGO CANTERGIANI,10,0.1
OURILÂNDIA DO NORTE,9,0.09
TERUEL IPANEMA ESTÂNCIA,9,0.09
GENERAL LEITE DE CASTRO,9,0.09
AEROCLUBE DE ITÁPOLIS,9,0.09
COROA DO AVIÃO,9,0.09
BARTOLOMEU LISANDRO,8,0.08
NOVO PROGRESSO,8,0.08
BEBEDOURO,8,0.08
TANGARÁ DA SERRA,8,0.08
JORGE NEWBERY AIRFIELD,8,0.08
MÁRIO DE ALMEIDA FRANCO,8,0.08
SENADOR NILO COELHO,8,0.08
CARAUARI,8,0.08
REDENÇÃO,8,0.08
PREFEITO ORLANDO MARINHO,8,0.08
GASTÃO MADEIRA,8,0.08
FAZENDA IROHY,8,0.08
BALSAS,8,0.08
RESENDE,7,0.07
SANTO ANTÔNIO DE LEVERGER,7,0.07
MONTENEGRO,7,0.07
SÃO TOMÉ,7,0.07
SANTO ÂNGELO,7,0.07
CATULEVE,7,0.07
ABA,7,0.07
SÃO BORJA,7,0.07
MIAMI INTERNATIONAL AIRPORT,7,0.07
PIRAQUARA,7,0.07
CORONEL AVIADOR CARLOS ORLEANS GUIMARÃES,7,0.07
ESTADUAL DARIO GUARITA,7,0.07
VIRGÍLIO TÁVORA,7,0.07
RIO CLARO,7,0.07
GERALDO GUIAS DE AQUINO,7,0.07
CARLOS RUHL,7,0.07
TATUÍ,6,0.06
PICOS,6,0.06
BELÉM NOVO,6,0.06
NOVO HAMBURGO,6,0.06
FRANK MILOYE MILENKOVICH,6,0.06
JOÃO CORREA DA ROCHA,6,0.06
ARAGUAÍNA,6,0.06
SÃO FÉLIX DO XINGU,6,0.06
CORUMBÁ,6,0.06
CORONEL ALEXANDRE RAPOSO,6,0.06
CRUZEIRO DO SUL,6,0.06
PONTA PORÃ,6,0.06
Francisco Beltrão,6,0.06
PRIMAVERA DO LESTE,6,0.06
MANUEL URBANO,6,0.06
JATAÍ,6,0.06
CANELA,6,0.06
ASSOCIAÇÃO TOCANTINENSE DE AVIAÇÃO,6,0.06
CARAJÁS,6,0.06
ARAPONGAS,6,0.06
FORMOSA,6,0.06
HELICIDADE,6,0.06
CARATINGA,6,0.06
CARAZINHO,6,0.06
POUSADA DAS ÁGUIAS,6,0.06
PORTO URUCU,6,0.06
CONDOMÍNIO LARANJEIRAS,5,0.05
CASA BRANCA,5,0.05
MOJI MIRIM,5,0.05
COMANDANTE MUNIR DJABAK,5,0.05
PILOTO OSVALDO MARQUES DIAS,5,0.05
ARAGARÇAS,5,0.05
JUSCELINO KUBITSCHECK,5,0.05
RANCHO SUMIDOR,5,0.05
BORBA,5,0.05
REGIONAL SUL,5,0.05
REGIONAL ORLANDO VILLAS BOAS,5,0.05
TORRES,5,0.05
TIETÊ,5,0.05
TERRAVISTA,5,0.05
JUÍNA,5,0.05
ASSOCIAÇÃO RECREATIVA FAZENDA BONANZA,5,0.05
ESTÂNCIA SANTA RITA,5,0.05
RECREIO,5,0.05
GUARAPARI,5,0.05
EFAI,5,0.05
OSCAR LARANJEIRAS,5,0.05
LUÍS DAL CANALLE FILHO,5,0.05
SANTA CRUZ DO SUL,5,0.05
CACHOEIRA DO SUL,5,0.05
ÂNGELO PONZONI,5,0.05
PIQUIATUBA,5,0.05
BOM FUTURO,5,0.05
BREVES,5,0.05
ESTÂNCIA HÉRCULES,5,0.05
MARICÁ,5,0.05
AEROCLUBE DE PASSO FUNDO,5,0.05
CENTRO NACIONAL DE PÁRA-QUEDISMO,5,0.05
AEROCLUBE DE JOÃO PESSOA,5,0.05
LEME,5,0.05
TABATINGA,5,0.05
PELOTAS,5,0.05
SANTA ROSA DO PURUS,4,0.04
HELICENTRO BH,4,0.04
CURVELO,4,0.04
SANTA ROSA,4,0.04
CORONEL ALTINO MACHADO,4,0.04
SÃO JOSÉ,4,0.04
SÃO JOAQUIM DA BARRA,4,0.04
CÁCERES,4,0.04
CAVU - CLUBE DE AVIAÇÃO ULTRALEVE,4,0.04
MAJOR BRIGADEIRO TROMPOWSKY,4,0.04
DOMINGOS PIGNATARI,4,0.04
CORREIA PINTO,4,0.04
FAZENDA RIBEIRÃO,4,0.04
PORTO NACIONAL,4,0.04
AERODROMO DE PARAGOMINAS,4,0.04
SÃO PEDRO,4,0.04
ESTÂNCIA MACHADO,4,0.04
FAZENDA SERRA GRANDE,4,0.04
LAURO KURTZ,4,0.04
CEL PM CÍCERO DANTAS DOS SANTOS,4,0.04
SÍTIO POUSO DO AVIADOR,4,0.04
QUIRINÓPOLIS,4,0.04
AEROCLUBE DE BENTO GONÇALVES,4,0.04
ANGRA DOS REIS,4,0.04
PARATI,4,0.04
BOTELHO,4,0.04
JÚLIO BÉLEM,4,0.04
ALENQUER,4,0.04
GUARATINGUETÁ,4,0.04
FAZENDA ÁGUA LIMPA,4,0.04
PATOS DE MINAS,4,0.04
ORIXIMINÁ,4,0.04
MUNICIPAL DE GUARATUBA,4,0.04
SILVIO PETTIROSSI INTERNATIONAL AIRPORT,4,0.04
NOVO CAMPO,4,0.04
BARRA DO VENTO,4,0.04
BARREIRAS,4,0.04
IBITINGA,4,0.04
PARAÍSO DO TOCANTINS,3,0.03
PIMENTA BUENO,3,0.03
AEROPUERTO INTERNACIONAL EL DORADO,3,0.03
TEIXEIRA DE FREITAS,3,0.03
FAZENDA SÃO JOÃO,3,0.03
PATROCÍNIO,3,0.03
PALMEIRA DAS MISSÕES,3,0.03
GRUPO TÁTICO AÉREO,3,0.03
GUAXUPÉ,3,0.03
CONFRESA,3,0.03
ESTÂNCIA CAIMAN,3,0.03
CLUBE DE VOO ITAIPU,3,0.03
GURUPI,3,0.03
UBÁ,3,0.03
OLHOS D'ÁGUA,3,0.03
EL DORADO,3,0.03
GARIBALDI,3,0.03
SEVERINO LOPES,3,0.03
COARI,3,0.03
FILIAL CAMPO FLORIDO,3,0.03
NOSSA SENHORA DO LORETO,3,0.03
HELIPARK,3,0.03
AEROPORTO HUMBERTO DELGADO,3,0.03
ARIQUEMES,3,0.03
BASE DE AVIAÇÃO DE TAUBATÉ,3,0.03
REGIONAL DA ZONA DA MATA,3,0.03
NELSON RODRIGUES GUIMARÃES,3,0.03
BARTOLOMEU DE GUSMÃO,3,0.03
CHÁCARA PARAÍSO,3,0.03
OSÓRIO,3,0.03
EMBRAER - UNIDADE GAVIÃO PEIXOTO,3,0.03
NOVO ARIPUANÃ,3,0.03
BRIGADEIRO CAMARÃO,3,0.03
DIX-SEPT ROSADO,3,0.03
AEROCLUBE DE BAGÉ,3,0.03
JACAREACANGA,3,0.03
SIQUEIRA CAMPOS,3,0.03
CACOAL,3,0.03
MUNICIPAL JOSÉ FIGUEIREDO,3,0.03
MÁRIO PEREIRA LOPES,3,0.03
CATANDUVA,3,0.03
DOUTOR RAMALHO FRANCO,3,0.03
LUÍS EDUARDO MAGALHÃES,3,0.03
BRIGADEIRO FÁBIO PEREIRA DA SILVEIRA,3,0.03
IVAÍ AEROAGRÍCOLA,3,0.03
JI-PARANÁ,3,0.03
VIDE BULA,3,0.03
LAVRAS,3,0.03
FAZENDA ESPÍRITO SANTO,3,0.03
Comandante Ariston Pessoa,3,0.03
CASSILÂNDIA,3,0.03
MARCELO PIRES HALZHAUSEN,3,0.03
ITANHAÉM,3,0.03
FAZENDA BOM JARDIM,3,0.03
FAZENDA PONTE SERRADA - MT,3,0.03
JORGE CHÁVEZ INTERNATIONAL AIRPORT,3,0.03
MIRASSOL,3,0.03
AEROPUERTO INTERNACIONAL MINISTRO PISTARINI,3,0.03
XAVANTINA,3,0.03
ITAPERUNA,3,0.03
MAX FONTOURA,3,0.03
SÃO PAULO CATARINA AEROPORTO EXECUTIVO,3,0.03
SANTA ISABEL DO RIO NEGRO,2,0.02
SÃO GABRIEL,2,0.02
AMSTERDAM AIRPORT SCHIPHOL,2,0.02
SALINAS,2,0.02
ROSÁRIO DO SUL,2,0.02
APLIC AVIAÇÃO AGRÍCOLA II,2,0.02
ARUANÃ,2,0.02
ARARAS,2,0.02
SÃO GABRIEL DA CACHOEIRA,2,0.02
RIO BRILHANTE,2,0.02
AERÓDROMO DE ITURAMA,2,0.02
SÃO JOÃO DEL REI,2,0.02
ARAPIRACA,2,0.02
REGIONAL DE RIO GRANDE,2,0.02
JOÃO GALDINO,2,0.02
SANTA TEREZINHA,2,0.02
SANTA MARIA DA VITÓRIA,2,0.02
PARQUE ANA COSTA,2,0.02
SURUCUCU,2,0.02
ALTO MUCAJAÍ,2,0.02
PAULO AFONSO,2,0.02
TITO TEIXEIRA,2,0.02
SÃO LUIZ,2,0.02
PARANAÍBA,2,0.02
PARACATU,2,0.02
PALMEIRAS DE GOIÁS,2,0.02
PALIMIÚ,2,0.02
TRES LAGOAS,2,0.02
PRAINHA,2,0.02
SÃO MIGUEL DO ARAGUAIA,2,0.02
BARRA DO GARÇAS,2,0.02
ROMEU ZEMA,2,0.02
AGROPASTORIL BOM PASTOR,2,0.02
SIMÓN BOLÍVAR INTERNATIONAL AIRPORT,2,0.02
SINAL EMPREENDIMENTOS,2,0.02
ARIOSTO DA RIVA,2,0.02
LÁBREA,2,0.02
BARRA DO BUGRES,2,0.02
VERA CRUZ,2,0.02
ULTRALEVE CLUBE DE CURITIBA,2,0.02
AAGV - Associação Aerodesportiva de Getulio Vargas,2,0.02
TUCURUÍ,2,0.02
NOVA OLINDA DO NORTE,2,0.02
USINA CORURIPE,2,0.02
OLAVO CECCO RIGON,2,0.02
NOSSA SENHORA DE FÁTIMA,2,0.02
NANUQUE,2,0.02
NOVO HORIZONTE,2,0.02
TERRAMARE,2,0.02
JOÃO SILVA,2,0.02
ZIRONDI,2,0.02
AEROCLUBE DE RONDÔNIA,2,0.02
ORLANDO DE CARVALHO,2,0.02
OIAPOQUE,2,0.02
CANARANA,2,0.02
VALENÇA,2,0.02
PEREGRINO FILHO,2,0.02
MOLITERNO DE DRACENA,2,0.02
MANOEL RIBAS,2,0.02
USINA PORTO RICO,2,0.02
BAURU/AREALVA (SJTC*),2,0.02
MARECHAL THAUMATURGO,2,0.02
MUNICIPAL JOÃO WINCKLER,2,0.02
MARACÁS,2,0.02
ADOLFO SUÁREZ MADRIDBARAJAS AIRPORT,2,0.02
MUNDICO COELHO,2,0.02
LENÇÓIS PAULISTA,2,0.02
MAUÉS,2,0.02
LUIS EDUARDO MAGALHÃES,2,0.02
LUIZ EDUARDO MAGALHÃES,2,0.02
MORRO DA URCA,2,0.02
MACA AERO,2,0.02
VERANÓPOLIS,2,0.02
BANAER DE JACUPIRANGA,2,0.02
BARRA GRANDE,2,0.02
AEROPORTO INTERNACIONAL CAPITAN CORBETA CA CURBELO,2,0.02
GURGUÉIA,2,0.02
FAZENDA BANDEIRANTES,2,0.02
DIAMANTINA,2,0.02
ESPUMOSO,2,0.02
DOMINGOS REGO,2,0.02
EIRUNEPÉ,2,0.02
CEARÁ-MIRIM,2,0.02
CIPÓ,2,0.02
FAZENDA SANTO AMBRÓSIO,2,0.02
IJUÍ,2,0.02
HELISUL IV,2,0.02
IBOTIRAMA,2,0.02
Clube Céu,2,0.02
CURRAIS NOVOS,2,0.02
FAZENDA IRMÃOS MUNARETTO,2,0.02
FAZENDA NOVA FLORESTA,2,0.02
CATALÃO,2,0.02
CAPÃO DA CANOA,2,0.02
CMTE Juliano Rambo,2,0.02
COMANDANTE PASCHOAL PATROCÍNIO FILHO,2,0.02
FLY CLUB,2,0.02
PREFEITURA DO RIO DE JANEIRO,2,0.02
JANAÚBA,2,0.02
EMBAIXADOR WALTHER MOREIRA SALLES,2,0.02
FAZENDA ANAHÍ,2,0.02
FAZENDA VISA ESTÂNCIA,2,0.02
CAP. PM CIDIMAR ANTUNES DE ALMEIDA,2,0.02
CIRILO QUEIRÓZ,2,0.02
JABOTICABAL,2,0.02
FAZENDA CANAÃ,2,0.02
CLUBE DE MARTE IBIRÁ DE PÁRA-QUEDISMO,2,0.02
FRANCISCO LACERDA JÚNIOR,2,0.02
CAPITÃO JOÃO BUSSE,2,0.02
JARDIM,2,0.02
FAZENDA MALU,2,0.02
CANUTAMA,2,0.02
ESTÂNCIA RECANTO,2,0.02
COLIDER,2,0.02
Clube Estância Ouro Verde,2,0.02
J.C. PERALTA,2,0.02
MINEIROS,2,0.02
FAZENDA BELLUNO,2,0.02
Aeroporto Regional do Vale do Aço,2,0.02
ASAS DE BALSA NOVA,2,0.02
PORTO WALTER,2,0.02
PORTO DE MOZ,2,0.02
SÃO SEBASTIÃO DO PARAÍSO,2,0.02
PORTO BONITO,2,0.02
Aeroata,2,0.02
PIRASSUNUNGA,2,0.02
AEROPORTO INTERNACIONAL DE CARRASCO - GENERAL CESARIO L BERISSO,2,0.02
PIQUET,2,0.02
PINDAMONHANGABA,2,0.02
FAZENDA SÃO FRANCISCO,2,0.02
TENENTE LUND PRESSOTO,2,0.02
DOURADOS,2,0.02
SÍTIO FLYER,2,0.02
J LEM,2,0.02
GOVERNADOR LUCAS NOGUEIRA GARCEZ (SBLN*),2,0.02
IPIRANGA,2,0.02
HELIBRÁS,2,0.02
GARÇA,2,0.02
ITABORAÍ,2,0.02
CIBRASA,2,0.02
CRISTIANO FERREIRA VARELLA,2,0.02
GRUPAMENTO AÉREO DA POLÍCIA MILITAR/ PRAIA GRANDE,2,0.02
DR. JOSÉ DE ARRUDA BOTELHO,2,0.02
Crepurizão,2,0.02
HIDRELÉTRICA DE ITUMBIARA,2,0.02
COXIM,2,0.02
FAZENDA SÃO MARCO,2,0.02
FAZENDA CERRADÃO,2,0.02
FAZENDA CENTRO DE VÔO A VELA IPUÃ,2,0.02
GASTÃO DE MESQUITA FILHO,2,0.02
FAZENDA RIO FONTOURA,1,0.01
FAZENDA RIO BRILHANTE,1,0.01
FAZENDA RIO AZUL,1,0.01
FAZENDA RANCHO GRANDE,1,0.01
FAZENDA REDENÇÃO,1,0.01
FAZENDA PORTOBELLO,1,0.01
FAZENDA PROGRESSO,1,0.01
FAZENDA POUSO ALEGRE,1,0.01
FAZENDA PIRAGUASSU,1,0.01
JOSÉ ROBERTO MAGALHÃES TEIXEIRA,1,0.01
FAZENDA NOVA CONCEIÇÃO,1,0.01
SERRA DO CIPÓ,1,0.01
JOÃO DURVAL CARNEIRO,1,0.01
JOÃO FONSECA - AM,1,0.01
SANTUÁRIO NACIONAL DE NOSSA SENHORA DA CONCEIÇÃO APARECIDA,1,0.01
SAPAN,1,0.01
SARANDI,1,0.01
SEBASTIÃO GOMES DE SOUZA,1,0.01
SERTANÓPOLIS,1,0.01
SANTANA DO ARAGUAIA,1,0.01
SIEM HELIX I,1,0.01
SILVESTRE,1,0.01
FAZENDA PERDIZES,1,0.01
SOLAG - SOL E LUA AVIAÇÃO AGRÍCOLA,1,0.01
FAZENDA PIONEIRA,1,0.01
FAZENDA SANTA VERGÍNIA,1,0.01
FAZENDA PAULISTA,1,0.01
FAZENDA PATO BRANCO,1,0.01
SOUSA,1,0.01
FAZENDA SÃO ROQUE,1,0.01
FAZENDA NOSSA SENHORA DAS GRAÇAS,1,0.01
FAZENDA NOVO HORIZONTE,1,0.01
FAZENDA SACO DA TAPERA,1,0.01
FAZENDA SANTA ADA,1,0.01
FAZENDA SANTA ADÉLIA,1,0.01
FAZENDA SANTA CRUZ,1,0.01
FAZENDA SANTA RITA DO ARAGUAIA,1,0.01
FAZENDA RONCADOR I,1,0.01
FAZENDA SANTO ÂNGELO,1,0.01
FAZENDA SONORA ESTÂNCIA,1,0.01
FAZENDA SOROTECA,1,0.01
FAZENDA SÃO JOAQUIM,1,0.01
FAZENDA SÃO JOSÉ O.B.,1,0.01
FAZENDA SÃO LOURENÇO,1,0.01
FAZENDA SÃO PAULO DOS PALMARES,1,0.01
FAZENDA SMITH,1,0.01
FAZENDA RONCADOR,1,0.01
FAZENDA RIO PARDO,1,0.01
FAZENDA RIO NEGRO,1,0.01
FAZENDA PAIAGUAS,1,0.01
FAZENDA PARNAÍBA,1,0.01
SOURE,1,0.01
WEST GATE,1,0.01
SUBESTAÇÃO SÃO ROQUE,1,0.01
SÃO CHICO,1,0.01
USINA SÃO MARTINHO,1,0.01
Umberto Modiano,1,0.01
VERA CRUZ/AEROCLUBE DA BAHIA,1,0.01
UMCP AQUARIUS BRASIL (CARAPEBUS),1,0.01
VIGANÓ I,1,0.01
VIRU VIRU,1,0.01
WALFRIDO SAMITO DE ALMEIDA,1,0.01
FAZENDA FONTANA,1,0.01
WHEATON,1,0.01
WILMA REBELO,1,0.01
ÁGUAS CLARAS AVIAÇÃO AGRÍCOLA,1,0.01
VILA VELHA,1,0.01
UMBERTO MODIANO,1,0.01
TUPI PAULISTA,1,0.01
TUCUXIM,1,0.01
SÃO SEBASTIÃO,1,0.01
SÃO SEPÉ,1,0.01
SÍLVIO GONÇALVES DE MELLO,1,0.01
SÍTIO GURUPI,1,0.01
SÓCRATES MARIANI BITTENCOURT,1,0.01
TANCREDO DE ALMEIDA NEVES,1,0.01
TANCREDO THOMAS DE FARIA,1,0.01
TELÊMACO BORBA (SBTL*),1,0.01
USINA COLORADO,1,0.01
URUAÇU,1,0.01
URARICOERA,1,0.01
RESIDÊNCIA OFICIAL,1,0.01
SIKORSKI,1,0.01
SANTA VITÓRIA DO PALMAR,1,0.01
SANTA MAGALHÃES,1,0.01
SANTA ANASTÁCIA I,1,0.01
QUINTA DA BARONEZA II,1,0.01
QUIXADÁ,1,0.01
RACHID SALIBA,1,0.01
RANCHO VILLELA,1,0.01
RECANTO DAS ÁGUIAS,1,0.01
REPRESA AVARÉ,1,0.01
RIACHÃO,1,0.01
SÃO MATEUS,1,0.01
RIO ALPHA,1,0.01
RIO PARANAÍBA,1,0.01
RIO PARDO,1,0.01
RODRIGUES,1,0.01
ROSADA,1,0.01
ROYAL PALM PLAZA,1,0.01
RUY BARBOSA,1,0.01
SÃO FÉLIX DO ARAGUAIA,1,0.01
Pista Mata Verde,1,0.01
SÃO JOAQUIM,1,0.01
FAZENDA NOSSA SENHORA DA CANDELÁRIA,1,0.01
IATE CLUBE DE SANTOS - ANGRA DOS REIS,1,0.01
FAZENDA ESTRELA DO SUL,1,0.01
FAZENDA VASSOURAL,1,0.01
FAZENDA VÔ ZECA,1,0.01
FAZENDA YARA,1,0.01
FAZENDA ÁGUA AZUL,1,0.01
FAZENDA ÁGUA SANTA,1,0.01
FEIJÓ,1,0.01
FERNANDO DE NORONHA,1,0.01
Fazenda Valiosa,1,0.01
FAZENDA TAUÁ,1,0.01
Fazenda Vitória,1,0.01
GAUDÊNCIO MACHADO RAMOS,1,0.01
IPORANGA-GUARUJÁ,1,0.01
ITACOATIARA,1,0.01
ITAJAÍ/CAMPO COMANDANTES,1,0.01
ITAPARÁ SPORT FISHING,1,0.01
ITAPESSOCA,1,0.01
ITAPETINGA,1,0.01
IPIAÚ,1,0.01
ITUVERAVA,1,0.01
JANUÁRIA,1,0.01
JEOVÁ GOMES,1,0.01
JIHAD DEHAINI,1,0.01
JORDÃO,1,0.01
JORNALISTA BENEDITO PIMENTEL,1,0.01
FAZENDA VERA PAZ,1,0.01
FAZENDA TRÊS UNIDOS,1,0.01
JALES,1,0.01
FAZENDA TRÊS MINAS,1,0.01
FORQUILHINHA - CRICIÚMA,1,0.01
FPSO CIDADE DE SÃO PAULO MV 23,1,0.01
FRANCISCO CORREA DA CRUZ,1,0.01
FREDERICO WESTPHALEN,1,0.01
FRIGO ESTRELA,1,0.01
FRONTEIRA,1,0.01
FORMIGA,1,0.01
FURNASPARK RESORT,1,0.01
Fazenda Dois Irmãos,1,0.01
Fazenda Itália,1,0.01
Fazenda Jacuí,1,0.01
Fazenda Jucurutu do Formoso,1,0.01
Fazenda Nova Piuva,1,0.01
Fazenda Relu,1,0.01
Fazenda Decisão,1,0.01
FONTE BOA,1,0.01
FLYGHT COMPANY,1,0.01
FLY VILLE,1,0.01
FAZENDA TERRA DO SOL,1,0.01
FAZENDA THÁLIA,1,0.01
FAZENDA TRADIÇÃO,1,0.01
FAZENDA TRAVESSÃO,1,0.01
FAZENDA TROPICAL,1,0.01
JOSÉ CLETO,1,0.01
IMIGRANTES,1,0.01
FAZENDA DENUSA DESTILARIA NOVA UNIÃO,1,0.01
FAZENDA LAGOA DA CAPA,1,0.01
FAZENDA LOCKS,1,0.01
FAZENDA MARIA JOSÉ,1,0.01
FAZENDA MIMOSO S/A,1,0.01
FAZENDA MONTESION,1,0.01
FAZENDA MOSQUITO,1,0.01
FAZENDA MURARÁ,1,0.01
FAZENDA MUTUM,1,0.01
FAZENDA MACUCO,1,0.01
FAZENDA FRESADORA,1,0.01
FAZENDA FORTALEZA DO GUAPORÉ,1,0.01
FAZENDA FORTALEZA,1,0.01
FAZENDA BOM RETIRO,1,0.01
FAZENDA BRUSQUE,1,0.01
FAZENDA CACHOEIRA DO LONTRA,1,0.01
FAZENDA CAMPO VITÓRIA,1,0.01
FAZENDA CANADÁ,1,0.01
FAZENDA CATACO,1,0.01
FAZENDA CENTRO OESTE,1,0.01
FAZENDA CENTÚRIA VITÓRIA,1,0.01
FAZENDA CONCEIÇÃO,1,0.01
FAZENDA CONFORTO,1,0.01
FAZENDA CRISTAL 2,1,0.01
FAZENDA CRISTO REDENTOR,1,0.01
FAZENDA FUTURA,1,0.01
FAZENDA LAGEADO,1,0.01
IGUATU,1,0.01
FAZENDA JUSSARA,1,0.01
ICA,1,0.01
GAÚCHA DO NORTE,1,0.01
GENERAL EDWARD LAWRENCE LOGAN INTERNATIONAL AIRPORT,1,0.01
GRAER,1,0.01
GUANAMBI,1,0.01
HANGAR COMANDANTE SALOMÃO ALCOLUMBRE,1,0.01
HBR,1,0.01
HELICENTRO RIBEIRÃO PRETO,1,0.01
HELIPORTO JUQUEHY BALEIA,1,0.01
HELMUTH BAUNGARTEM,1,0.01
HORÁCIO DE MATTOS,1,0.01
HOSPITAL SANTA ISABEL,1,0.01
HOTEL TRANSAMÉRICA,1,0.01
HUCK,1,0.01
HÉLIO WASUM,1,0.01
TENOAR,1,0.01
FÁBRICA FORTALEZA,1,0.01
JOSÉ MÚCIO MONTEIRO,1,0.01
FAZENDA SÃO SEBASTIÃO,1,0.01
FAZENDA SÃO PEDRO,1,0.01
FAZENDA INHUMAS DO CHAPADÃO,1,0.01
FAZENDA IRMÃS PRATA,1,0.01
FAZENDA JAÓZINHO,1,0.01
TENENTE XAVIER,1,0.01
LÊDA MELLO DE REZENDE,1,0.01
TOA-TOA,1,0.01
CAMOCIM,1,0.01
CARACARAÍ,1,0.01
CAMPO NOVO DOS PARECIS,1,0.01
CAPITÃO PM PAULO JOSÉ DE MENEZES FILHO,1,0.01
CAIMA,1,0.01
Aeródromo Privado Fazenda Maringá III,1,0.01
BOMAR,1,0.01
CASTELO BRANCO OFFICE PARK - TORRE II,1,0.01
BAIXO GUANDU - AIMORÉS,1,0.01
BANCO BRADESCO AV. PAULISTA,1,0.01
CHAVES,1,0.01
CHARLES DE GAULLE,1,0.01
BARRA,1,0.01
CHAFEI AMSEI (SBBT*),1,0.01
CEOLIN GRÃOS E FIBRA,1,0.01
BOM JESUS DA LAPA,1,0.01
CENTENO,1,0.01
BASE DE PARACURU,1,0.01
BASE RESGATE,1,0.01
BATATAIS,1,0.01
CATRIMANI I,1,0.01
CATOLÉ DO ROCHA,1,0.01
BCW,1,0.01
BLUE TREE TOWER FARIA LIMA,1,0.01
CAMPO DE FONTENELLE,1,0.01
CAMAPUÃ,1,0.01
COSMOS AVIAÇÃO AGRÍCOLA,1,0.01
CAJÚ,1,0.01
CONDOMÍNIO MENEGA,1,0.01
ARIPUANÃ,1,0.01
APLIC AVIAÇÃO AGRÍCOLA LTDA,1,0.01
ARAGUACEMA,1,0.01
CONDOMÍNIO CLC,1,0.01
CONDOMÍNIO AMÉRICA BUSINESS PARK,1,0.01
CONCEIÇÃO DO ARAGUAIA,1,0.01
ARAGUARI,1,0.01
COMANDANTE ZEQUINHA / GRAND LAKE,1,0.01
COMANDANTE GUSTAVO KRAEMER,1,0.01
CONDOMÍNIO CONDE MATARAZZO,1,0.01
AJARANI,1,0.01
CHICO LEDUR,1,0.01
Aeródromo Serra Branca Agrícola,1,0.01
CAROLINA DE ASSIS REPETTO,1,0.01
BRENNAND,1,0.01
BRIGADEIRO LYSIAS AUGUSTO RODRIGUES,1,0.01
CARLOS ALBERTO DA COSTA NEVES,1,0.01
BUSATO II,1,0.01
Big Master,1,0.01
Bira Guimarães,1,0.01
FAZENDA BOA ESPERANÇA,1,0.01
C.T.O. ITAÚ,1,0.01
BARROCO LOPES,1,0.01
AGROPECUÁRIA TRATEX,1,0.01
CANGAPARA,1,0.01
AGROPECUÁRIA ANTUNES,1,0.01
AEROPORTO INTERNACIONAL AMÍLCAR CABRAL,1,0.01
DIANÓPOLIS,1,0.01
FAZ. REUNIDAS SCHLATTER,1,0.01
EVERALDO MORAES BARRETO,1,0.01
AERÓDROMO MUNICIPAL DE LINHARES,1,0.01
AGRIFOR,1,0.01
AGRICENTER,1,0.01
FAZENDA ARATAÚ,1,0.01
FAZENDA ARAPUCEL,1,0.01
FAZENDA AMONGUIJÁ,1,0.01
AERO AGRÍCOLA RIO CLARO,1,0.01
FAZENDA AGROFEL,1,0.01
AERO DO VALE MIRACATU,1,0.01
FAZENDA ACARAJÁ,1,0.01
AEROPORTO AGROER AVIAÇÃO,1,0.01
FAZ. SANTA MARIA DO PORTO DE CAPIVARA,1,0.01
DAMHA GOLFE,1,0.01
AEROBAKO,1,0.01
AERÓDROMO DE COLNIZA,1,0.01
DESTILARIA WD,1,0.01
DESTILARIA MEDASA,1,0.01
FAZ. SANTA MARIA,1,0.01
DERSO PORTILHO VIEIRA,1,0.01
ENTRE RIOS,1,0.01
CRISTÁLIA,1,0.01
ENCANTA MOÇA,1,0.01
DONA IRACEMA,1,0.01
DIOMÍCIO FREITAS,1,0.01
AEROVAÇO,1,0.01
DOLORES,1,0.01
FARIA LIMA SQUARE,1,0.01
EXTERIOR,1,0.01
EXECUTIVO,1,0.01
AEROCAMPO,1,0.01
AEROLEVE AERÓDROMO PRIVADO,1,0.01
AEROPUERTO INTERNACIONAL ROSARIO ISLAS MALVINAS,1,0.01
ETESCO TAKATSUGU J,1,0.01
DOUTOR JOSÉ MOURÃO,1,0.01
AEROPORTO INTERNACIONAL DE ARTIGAS,1,0.01
DOUTOR LÚCIO LIMA,1,0.01
AEROPUERTO INTERNACIONAL DR. AUGUSTO ROBERTO FUSTER,1,0.01
AEROPORTO MUNICIPAL BOM FUTURO,1,0.01
DR. WALTER BECKERT,1,0.01
DRAGÃO DO AR,1,0.01
AEROPORTO INTERNACIONAL DE SANTIAGO,1,0.01
Doutor Mauro de Souza Castro,1,0.01
EDU CHAVES,1,0.01
AEROPORTO INTERNACIONAL DE ORLANDO,1,0.01
AEROCLUBE DE ARACAJU,1,0.01
CORRENTINA,1,0.01
COSTA DOS COQUEIROS,1,0.01
TOCUMEN AEROPUERTO,1,0.01
JOÃO PINHEIRO,1,0.01
JUARA SUL,1,0.01
JUNDIÁ,1,0.01
JURUTI,1,0.01
LAGUNA,1,0.01
LAURO ANTÔNIO DA COSTA,1,0.01
LONE STAR,1,0.01
LUIZ GONZAGA LUTTI,1,0.01
MACAÚBAS,1,0.01
MAJOR BRIGADEIRO DO AR DOORGAL GOMES,1,0.01
MAJOR NEODO S. PEREIRA,1,0.01
MALWEE,1,0.01
MANATI-1,1,0.01
MUNICIPAL DE SÃO JOÃO DA BOA VISTA,1,0.01
MURARO - SP,1,0.01
Maicom Manica,1,0.01
Maricá,1,0.01
PETROBRAS 52,1,0.01
PETROBRAS 57,1,0.01
PETROBRAS 65,1,0.01
PIRAPORA,1,0.01
PIRENÓPOLIS,1,0.01
PISTA DE POUSO EVENTUAL,1,0.01
PISTA PLÁ E SILVA,1,0.01
JPO,1,0.01
MANICORÉ,1,0.01
ALTO PARAÍSO DE GOIÁS,1,0.01
MANTECORP,1,0.01
TRIMONTE,1,0.01
TRÊS LAGOAS,1,0.01
TRÊS MARIAS,1,0.01
SÃO LOURENÇO,1,0.01
Pista Juvelandia,1,0.01
PRIMO BITTI,1,0.01
PRESIDENTE JOÃO SUASSUNA,1,0.01
MARINA DO CARAIPÉ,1,0.01
MARISOL,1,0.01
MATO GROSSO,1,0.01
MBP - METALÚRGICA BARRA DO PIRAÍ,1,0.01
MELLO VIANA,1,0.01
MERCEDES-BENZ DO BRASIL LTDA,1,0.01
MARECHIARO,1,0.01
MERLUZA 1,1,0.01
MOCELIN II,1,0.01
MONTE ALEGRE,1,0.01
MONTE DAS OLIVEIRAS (CMT. SÉRGIO),1,0.01
MONTE HOREBE,1,0.01
MORADA NOVA DE MINAS,1,0.01
MOZARLÂNDIA,1,0.01
MISSÃO CATRIMANI,1,0.01
MARCOS DA CUNHA,1,0.01
PISTA SÃO JORGE,1,0.01
POCONÉ,1,0.01
PONTA DO SOL,1,0.01
PORANGATU,1,0.01
ARCOVERDE,1,0.01
COBRAPE,1,0.01
CMT. MARILDA ZAIDEN DE MESQUITA,1,0.01
CLUBE VOART,1,0.01
CLUBE DE VOO AEROQUADRA,1,0.01
CLUBE DE ULTRALEVES DO PIAUÍ,1,0.01
AUGUSTO SEVERO,1,0.01
CLUBE DE ESPORTES AÉREOS E NÁUTICOS DO PARÁ,1,0.01
ARROIO GRANDE,1,0.01
CLUBE DE AVIAÇÃO EXPERIMENTAL DO PARANÁ,1,0.01
CLAREIRA JARAQUI 01,1,0.01
AVL,1,0.01
Aeroporto Internacional Cheddi Jagan,1,0.01
CIFI,1,0.01
Aeroporto Regional de Canoa Quebrada Dragão do Mar,1,0.01
Aeroporto Regional de Guarapuava - Tancredo Thómas de Faria,1,0.01
Aeroporto Regional de Pato Branco,1,0.01
CLUBE AERODESPORTIVO SELVA,1,0.01
CHÁCARA MARINGÁ,1,0.01
ARMANDO NATALI,1,0.01
COMANDANTE GASTÃO,1,0.01
ALDEIA APALAI BONA,1,0.01
ALIMENTOS DALLAS,1,0.01
ÓBIDOS,1,0.01
FAZENDA BOA SORTE,1,0.01
PETROBRAS 35,1,0.01
NAMORADO-1 PNA-1,1,0.01
PORTO FRADE,1,0.01
PORTO MARINA ASTÚRIAS,1,0.01
POUSADA THAIMAÇU,1,0.01
POUSO ALEGRE,1,0.01
PETROBRAS 51,1,0.01
FAZENDA BOLA SETE,1,0.01
PETROBRAS 43,1,0.01
PEDRA PRETA,1,0.01
Matheus Lopes Maia da Silva,1,0.01
N&F,1,0.01
NASCIMENTO I,1,0.01
PEDERNEIRAS,1,0.01
NEW ENGLAND,1,0.01
NINHO DO BACURAU -,1,0.01
NORBE VIII,1,0.01
NOVA ANDRADINA,1,0.01
ORIÇANGA DE ABREU,1,0.01
OURO FINO,1,0.01
OUTEIRO DAS BRISAS,1,0.01
PAA-PIU,1,0.01
PAGRISA,1,0.01
PARQUE PAULISTA,1,0.01
Fazenda Vale,1,0.01
